insert into whiskyproject.categorie(nom) value('Single Malt');
insert into whiskyproject.categorie(nom) value("Blended Malt");
insert into whiskyproject.categorie(nom) value("Irish Blend");
insert into whiskyproject.categorie(nom) value('Blended Whisky');
insert into whiskyproject.categorie(nom) value('Bourbon');
insert into whiskyproject.categorie(nom) value('Rye');
insert into whiskyproject.categorie(nom) value('Whisky de Blé Noir');
insert into whiskyproject.categorie(nom) value('Blend');


insert into whiskyproject.whisky(id,whiskyname,img,categorie,alcoholcontent,volume, country, price, promotion, stockquantity) value(1,'Nikka Pure Malt Black','nikka-pure-malt-black.jpg','Blended Malt',43,50,'Japon',49.50,10.0, 3 );
insert into whiskyproject.whisky(id,whiskyname,img,categorie,alcoholcontent,volume, country, price) values(2,'The Macallan 1824 Series Amber','the-macallan-1824-series-amber.jpg','Single Malt',40,70,'Ecosse Speyside',68.80);
insert into whiskyproject.whisky(id,whiskyname,img,categorie,age,alcoholcontent,volume, country, price, stockquantity) value(3,'Highland Park 12 ans','highland-park-12-ans.jpg','Single Malt',12,40,70,'Ecosse Highlands',38.45, 0);
insert into whiskyproject.whisky(id,whiskyname,img,categorie,alcoholcontent,volume, country, price) value(4,'Glen Garioch Founder’s Reserve','glen-garioch-founders-reserve.jpg','Single Malt',48,70,'Ecosse Highlands',39.95);
insert into whiskyproject.whisky(id,whiskyname,img,categorie,alcoholcontent,volume, country, price) value(5,'Auchentoshan Three Wood','auchentoshan-three-wood.jpg','Single Malt',43,70,'Ecosse Lowlands',58.00);
insert into whiskyproject.whisky(id,whiskyname,img,categorie,alcoholcontent,volume, country, price) value(6,'Bruichladdich Islay Barley','bruichladdich-islay-barley.jpg','Single Malt',50,70,'Ecosse Islay',63.90);
insert into whiskyproject.whisky(id,whiskyname,img,categorie,alcoholcontent,volume, country, price,promotion, stockquantity) value(7,'Glenglassaugh Revival','glenglassaugh-revival.jpg','Single Malt',46,70,'Ecosse Highlands',49.00,5.21, 10);
insert into whiskyproject.whisky(id,whiskyname,img,categorie,alcoholcontent,volume, country, price) value(8,'Kavalan King Car Whisky','kavalan-king-car-whisky.jpg','Single Malt',46,70,'Taiwan',67.95);
insert into whiskyproject.whisky(id,whiskyname,img,categorie,age,alcoholcontent,volume, country, price) value(9,'Old Pulteney 17 ans','old-pulteney-17-ans.jpg','Single Malt',17,46,70,'Ecosse Highlands',104.00);
insert into whiskyproject.whisky(id,whiskyname,img,categorie,alcoholcontent,volume, country, price) value(10,'Nikka Pure Malt Red','nikka-pure-malt-red.jpg','Blended Malt',43,50,'Japon',50.00);
insert into whiskyproject.whisky(id,whiskyname,img,categorie,alcoholcontent,volume, country, price) value(11,'Glenglassaugh Torfa','glenglassaugh-torfa.jpg','Single Malt',50,70,'Ecosse Highlands',53.00);
insert into whiskyproject.whisky(id,whiskyname,img,categorie,alcoholcontent,volume, country, price) value(12,'Arran The Sauternes cask finish','arran-the-sauternes-cask-finish.jpg','Single Malt',50,70,'Ecosse Highlands',54.00);
insert into whiskyproject.whisky(id,whiskyname,img,categorie,age,alcoholcontent,volume, country, price) value(13,'Glen Grant 18 ans','glen-grant-18-ans.jpg','Single Malt',18,43,70,'Ecosse Speyside',140.00);
insert into whiskyproject.whisky(id,whiskyname,img,categorie,age,alcoholcontent,volume, country, price, stockquantity) value(14,'Glen Garioch 12 ans','glen-garioch-12-ans.jpg','Single Malt',12,48,70,'Ecosse Highlands',52.00, 42);
insert into whiskyproject.whisky(id,whiskyname,img,categorie,age,alcoholcontent,volume, country, price) value(15,'Jura 16 ans','jura-16-ans.jpg','Single Malt',16,40 ,70 ,'Ecosse Jura',65.00);
insert into whiskyproject.whisky(id,whiskyname,img,categorie,alcoholcontent,volume, country, price) value(16,'The six isles HSE','the-six-isles-hse.jpg','Blended Malt',46,70,'Ecosse',46.00);
insert into whiskyproject.whisky(id,whiskyname,img,categorie,age,alcoholcontent,volume, country, price) value(17,'Glengoyne 12 ans','glengoyne-12-ans.jpg','Single Malt',12,43, 70,'Ecosse Highlands',49.00);
insert into whiskyproject.whisky(id,whiskyname,img,categorie,alcoholcontent,volume, country, price) value(18,'Jameson Gold Reserve','jameson-gold-reserve.jpg','Irish Blend',40,70,'Irlande',63.00);
insert into whiskyproject.whisky(id,whiskyname,img,categorie,alcoholcontent,volume, country, price) value(19,'Big Peat christmas edition','big-peat-christmas-edition.jpg','Blended Malt',54,70,'Islay',72.00);
insert into whiskyproject.whisky(id,whiskyname,img,categorie,age,alcoholcontent,volume, country, price) value(20,'Glen Grant 10 ans','glen-grant-10-ans.jpg','Single Malt',10,46,70,'Ecosse Speyside',58.00);
insert into whiskyproject.whisky(id,whiskyname,img,categorie,age,alcoholcontent,volume, country, price) value(21,'Hazelburn 8 ans','hazelburn-8-ans.jpg','Single Malt',8,46,70,'Ecosse Campbeltown',45.00);
insert into whiskyproject.whisky(id,whiskyname,img,categorie,alcoholcontent,volume, country, price) value(22,'Macallan 2005 G&M','macallan-2005-gm.jpg','Single Malt',43,70,'Ecosse Speyside',155.00);
insert into whiskyproject.whisky(id,whiskyname,img, price) value(23,'Maker’s Mark','makers-mark.jpg',32.00);
insert into whiskyproject.whisky(id,whiskyname,img,categorie,age,alcoholcontent,volume, country, price) value(24,'Springbank 10 ans','springbank-10-ans.jpg','Single Malt',10,46,70,'Ecosse Campbeltown',53.00);
insert into whiskyproject.whisky(id,whiskyname,img,categorie,alcoholcontent,volume, country, price) value(25,'Mars Maltage Cosmo','mars-maltage-cosmo.jpg','Blended Malt',43,70,'Japon',60.00);
insert into whiskyproject.whisky(id,whiskyname,img,categorie,age,alcoholcontent,volume, country, price,promotion, stockquantity) value(26,'Balvenie Single Barrel 12 ans','balvenie-single-barrel-12-ans.jpg','Single Malt',12,48,70,'Ecosse Speyside',72.00,15.00, 5);
insert into whiskyproject.whisky(id,whiskyname,img,categorie,age,alcoholcontent,volume, country, price) value(27,'Benrinnes 10 ans','benrinnes-10-ans.jpg','Single Malt',10,46,70,'Ecosse Speyside',222.00);
insert into whiskyproject.whisky(id,whiskyname,img,categorie,alcoholcontent,volume, country, price) value(28,'Benromach Organic','benromach-organic.jpg','Single Malt',43,70,'Ecosse Speyside', 64.00);
insert into whiskyproject.whisky(id,whiskyname,img,categorie,alcoholcontent,volume, country, price) value(29,'Black Bottle','black-bottle.jpg','Blended Whisky',40,70,'Ecosse',32.00);
insert into whiskyproject.whisky(id,whiskyname,img,categorie,age,alcoholcontent,volume, country, price) value(30,'Dalmore 18 ans','dalmore-18-ans.jpg','Single Malt',18,43,70,'Ecosse Highlands',139.00);
insert into whiskyproject.whisky(id,whiskyname,img,categorie,age,alcoholcontent,volume, country, price) value(31,'Elijah Craig 12 ans','Elijah-craig-12-ans.jpg','Bourbon',12,45,70,'Etats Unis',108.00);
insert into whiskyproject.whisky(id,whiskyname,img,categorie,age,alcoholcontent,volume, country, price) value(32,'Fettercairn 8 ans','Fettercairn-8-ans.jpg','Single Malt',8,46,70,'Ecosse Highlands',320.00);
insert into whiskyproject.whisky(id,whiskyname,img,categorie,alcoholcontent,volume, country, price) value(33,'Glenfiddich Malt Master Edition','glenfiddich-malt-master-edition.jpg','Single Malt',43,70,'Ecosse Speyside',40.00);
insert into whiskyproject.whisky(id,whiskyname,img,categorie,alcoholcontent,volume, country, price) value(34,'Isle of Jura 1997 14 ans','isle-of-jura-1997-14-ans.jpg','Single Malt',43,70,'Ecosse Jura',60.00);
insert into whiskyproject.whisky(id,whiskyname,img,categorie,alcoholcontent,volume, country, price) value(35,'Sonoma County Rye','sonoma-county-rye.jpg','Rye',48,70,'Etats Unis',70.00);
insert into whiskyproject.whisky(id,whiskyname,img,categorie,age,alcoholcontent,volume, country, price) value(36,'Wild Turkey 8 ans','wild-turkey-8-ans.jpg','Bourbon',8,50,70,'Etats Unis',36.00);
insert into whiskyproject.whisky(id,whiskyname,img,categorie,alcoholcontent,volume, country, price) value(37,'Eddu Silver Brocéliande','eddu-silver-broceliande.jpg','Whisky de Blé Noir',42,70,'France',51.00);
insert into whiskyproject.whisky(id,whiskyname,img,categorie,alcoholcontent,volume, country, price,promotion) value(38,'DALMORE Cigar Malt Reserve','dalmore-cigar-malt-reserve.jpg','Single Malt',44,70,'Ecosse Highlands',110.00,3.27);
insert into whiskyproject.whisky(id,whiskyname,img,categorie,age,alcoholcontent,volume, country, price) value(39,'NIKKA 12 ans','nikka-12-ans.jpg','Blend',12,43,70,'Japon',105.00);
insert into whiskyproject.whisky(id,whiskyname,img,categorie,alcoholcontent,volume, country, price) value(40,'Teeling Single Malt','teeling-single-malt.jpg','Single Malt',46,70,'Irlande',60.00);
insert into whiskyproject.whisky(id,whiskyname,img,categorie,age,alcoholcontent,volume, country, price) value(41,'Blair Athol 11 ans','blair-athol-11-ans.jpg','Single Malt',11,46,70,'Ecosse Highlands',118.00);
insert into whiskyproject.whisky(id,whiskyname,img,categorie,age,alcoholcontent,volume, country, price) value(42,'Braeval 12 ans Sherry','braeval-12-ans-sherry.jpg','Single Malt',12,46,70,'Ecosse Speyside',350.00);
insert into whiskyproject.whisky(id,whiskyname,img,categorie,age,alcoholcontent,volume, country, price) value(43,'Glengoyne 18 ans','glengoyne-18-ans.jpg','Single Malt',18,43,70,'Ecosse Highlands',93.00);
insert into whiskyproject.whisky(id,whiskyname,img,categorie,alcoholcontent,volume, country, price, promotion) value(44,'Hudson Manhattan Rye','hudson-manhattan-rye.jpg','Rye',46,35,'Etats Unis New York',35.00,25.00);
insert into whiskyproject.whisky(id,whiskyname,img,categorie,age,alcoholcontent,volume, country, price) value(45,'Isle of Skye 12 ans','isle-of-skye-12-ans.jpg','Blended Whisky',12,40,70 ,'Ecosse',44.00);
insert into whiskyproject.whisky(id,whiskyname,img,categorie,alcoholcontent,volume, country, price) value(46,'Kilchoman Machir Bay','kilchoman-machir-bay.jpg','Single Malt',46,70,'Ecosse Islay',63.00);
insert into whiskyproject.whisky(id,whiskyname,img,categorie,age,alcoholcontent,volume, country, price) value(47,'Poit Dhubh 12 ans','poit-dhubh-12-ans.jpg','Blended Malt',12,43,70,'Ecosse',56.00);
insert into whiskyproject.whisky(id,whiskyname,img,categorie,age,alcoholcontent,volume, country, price) value(48,'Speyburn 9 ans','speyburn-9-ans.jpg','Single Malt',8,46,70 ,'Ecosse Speyside',40.00);
insert into whiskyproject.whisky(id,whiskyname,img,categorie,age,alcoholcontent,volume, country, price) value(49,'Springbank 15 ans','springbank-15-ans.jpg','Single Malt',15,46,70,'Ecosse Campbeltown',84.00);

insert into whiskyproject.langue value("fr");
insert into whiskyproject.langue value("en");


insert into whiskyproject.translation(id, whiskyid,languageid,descriptions) value(1, 1,"fr","Les blends Nikka sont élaborés dans la distillerie Yoichi, sur la côte nord de Hokkaido, l’île la plus septentrionale du Japon. La distillation à Yoichi se fait toujours avec des alambics à chauffe directe conformément à la tradition importée d’Ecosse au début du XX° siècle. Elaboré à partir d'un assemblage de différents single malts avec un fort pourcentage de Yoichi, le Nikka Pure Malt Black offre une palette aromatique riche et complexe.");
insert into whiskyproject.translation(id, whiskyid,languageid,descriptions) value(2, 1,"en","Nikka blends are made in the Yoichi distillery on the north coast of Hokkaido, the northernmost island in Japan.Yoichi distillation is still done with direct-fired stills according to the tradition imported from Scotland at the beginning. from the 20th century Made from a blend of different single malts with a high percentage of Yoichi, the Nikka Pure Malt Black offers a rich and complex aromatic palette. ");
insert into whiskyproject.translation(id, whiskyid,languageid,descriptions) value(3, 2,"fr","Les whiskies produits par The Macallan Speyside Distillery ont accédé au rang de stars internationales grâce aux amateurs qui en ont fait les troisièmes single malts les plus vendus au monde. Un travail rigoureux de sélection du cœur de chauffe pendant la distillation et un choix minutieux des fûts de chêne sont au coeur du succès de Macallan.’,’Avec cette série issue d'un double assemblage de fûts de sherry à hauteur de  80% de chêne espagnol et 20% de chêne américain, Macallan a inauguré une nouvelle ligne de whiskies sans mention d’âge, mettant la sélection des fûts en avant. Cette distillerie emblématique qui a produit quelques uns des meilleurs single malts du monde continue ici sa démarche innovante débutée avec la gamme Fine Oak.");
insert into whiskyproject.translation(id, whiskyid,languageid,descriptions) value(4, 2,"en","The whiskeys produced by The Macallan Speyside Distillery have become international stars thanks to fans who have made them the world's third best selling single malts, rigorous selection of the heart of heat during distillation and a careful selection of oak barrels are at the heart of Macallan's success. ',' With this series from a double blend of 80% Spanish oak and 20% American oak sherry casks, Macallan has inaugurated a new line of whiskeys Without mention of age, putting the selection of barrels forward This iconic distillery that has produced some of the best single malts in the world continues here its innovative approach started with the Fine Oak range. ");
insert into whiskyproject.translation(id, whiskyid,languageid,descriptions) value(5, 3,"fr","Highland Park est une distillerie qui stimule notre imagination à plus d’un niveau. Située sur les îles Orcades, c’est la plus septentrionale des distilleries écossaises, quelque part au bout du monde, entre mégalithes et embruns. Fondée en 1798 sur le site d’une vieille distillerie clandestine, elle fait partie des fleurons du groupe Edrington qui y produit un des single malts les plus prisés et plusieurs fois couronné comme le plus grand. Ian Buxton le déclare comme son préféré dans son livre '101 whiskies du monde entier à découvrir'. Une partie de l’orge utilisée dans l’élaboration des single malt Hihgland Park est maltée sur place et séchée avec de la tourbe locale dont l’arôme est plus doux que celle d’Islay. L’expression de 12 ans est au cœur de la gamme depuis 1979 et reflète parfaitement l’esprit maison, fait de tourbe subtile et florale dans un équilibre parfaitement maîtrisé.");
insert into whiskyproject.translation(id, whiskyid,languageid,descriptions) value(6, 3,"en","Highland Park is a distillery that stimulates our imagination on more than one level.\" Located on the Orkney Islands, it is the northernmost of the Scottish distilleries, somewhere at the end of the world, between megaliths and sea spray Founded in 1798 on the The site of an old underground distillery, it is one of the jewels of the Edrington Group, which produces one of the most popular single malts and has been crowned as the largest one, and Ian Buxton declares it as its favorite in its '101 Whiskeys of the World' book. whole to discover. \"Part of the barley used in the development of Hihgland Park single malt is malted on the spot and dried with local peat with a sweeter aroma than Islay. years is at the heart of the range since 1979 and perfectly reflects the spirit house, made of subtle and floral peat in a perfectly controlled balance. ");
insert into whiskyproject.translation(id, whiskyid,languageid,descriptions) value(7,4,"fr","Glen Garioch (prononcez Glen geery) fait partie de l’écurie Morrisson Bowmore avec Bowmore bien sûr et Auchentoshan. C’est un single malt typique des Highlands, et l’expression Founder’s Reserve en est un représentant emblématique, avec un caractère épicé plongeant ses racines dans les fûts de chêne.’,’Se revendiquant plus vieille distillerie d’Ecosse, construite sur le site d’une tannerie, Glen Garioch a connu bien des vicissitudes et une période de transition avant de miser sur sa nouvelle gamme de 2010, ayant abandonné la tourbe de ses origines, mais elle semble y revenir à petits pas.’,’Ce Founder’s Reserve édité à la mémoire des frères Manson les fondateurs révèle à merveille les caractéristiques inhérentes à Glen Garioch, des alambics au col de cygne plutôt court et un embouteillage inhabituel à 48°, délivrant un single malt puissant et viril.");
insert into whiskyproject.translation(id, whiskyid,languageid,descriptions) value(8, 4,"en","Glen Garioch (pronounced Glen geery) is part of the Morrison Bowmore stable with Bowmore of course and Auchentoshan is a highland single Malt, and the expression Founder's Reserve is an iconic representative, with a spicy character plunging its roots in oak barrels. ',' Claiming Scotland's oldest distillery, built on the site of a tannery, Glen Garioch has experienced many vicissitudes and a transition period before betting on its new range of 2010 , having abandoned the peat of its origins, but it seems to return to it slowly. ',' This Founder's Reserve published in memory of the brothers Manson the founders perfectly reveals the characteristics inherent to Glen Garioch, still rather gooseneck stills short and an unusual bottling at 48 °, delivering a powerful and virile single malt. ");
insert into whiskyproject.translation(id, whiskyid,languageid,descriptions) value(9, 5,"fr","Auchentoshan (prononcez Ock-un-tosh-un), distillerie atypique produit un single malt distillé trois fois. Cette pratique irlandaise, très rare en Ecosse, donne naissance à un single malt subtil et élégant. Bâtie sur le site d'un ancien monastère, cette distillerie des Lowlands puise son eau dans le Loch Katrine situé dans les Highlands.Le vieillissement dans trois types de fûts, pedro ximénez, oloroso et bourbon, confère à ce single malt des Lowlands une complexité unique.");
insert into whiskyproject.translation(id, whiskyid,languageid,descriptions) value(10, 5,"en","Auchentoshan (pronounced Ock-un-tosh-un), an atypical distillery produces a single distilled malt three times, an Irish practice that is very rare in Scotland and gives birth to a subtle and elegant single malt. Monastery, this Lowlands distillery draws its water in the Loch Katrine located in the Highlands. The aging in three types of barrels, pedro ximénez, oloroso and bourbon, gives to this lowlands single malt a unique complexity. ");
insert into whiskyproject.translation(id, whiskyid,languageid,descriptions) value(11, 6,"fr","Cette nouvelle édition 2009 du Bruichladdich Islay Barley est toujours produite à partir d’orge cultivée exclusivement sur l’île. Distillé tout doucement dans un alambic datant de l’époque victorienne, cette expression permet à l’équipe de Bruichladdich d’exprimer encore une fois son amour du terroir.’,’Chez Bruichladdich, on cultive la notion de cuvée comme on le ferait pour un grand vin, en travaillant l’assemblage et l'origine des céréales pour produire des single malt à la personnalité affirmée, à l'instar de cette édition 2009.’,’On déguste ici un jeune whisky bien structuré et charpenté, avec des notes fruitées et vanillées exotiques que vous découvrirez dans ce single malt bien moelleux.");
insert into whiskyproject.translation(id, whiskyid,languageid,descriptions) value(12, 6,"en","This new 2009 edition of the Bruichladdich Islay Barley is still made from barley grown exclusively on the island, distilled gently into a Victorian still, this expression allows the Bruichladdich team to express once at home, 'Bruichladdich explains how wine is cultivated as it would be for a great wine, by working on the blending and origin of cereals to produce single-malt wines with a strong personality. like this 2009 edition. ',' Here you can enjoy a well-structured and well-structured young whiskey, with fruity and exotic vanilla notes that you will discover in this very sweet single malt. ");
insert into whiskyproject.translation(id, whiskyid,languageid,descriptions) value(13, 7,"fr","Largement utilisé pour donner du corps aux blends produits par la distillerie, le Glenglassaugh Revival est un digne représentant des single malts puissants des Highlands. Le Glenglassaugh Revival est élevé dans des fûts de bourbon de premier et de deuxième remplissage, puis affiné en fûts de sherry Oloroso pendant 6 mois.");
insert into whiskyproject.translation(id, whiskyid,languageid,descriptions) value(14, 7,"en","The Glenglassaugh Revival, widely used to give body to blends produced by the distillery, is a worthy representative of the powerful Highland single malts.The Glenglassaugh Revival is aged in first and second fill bourbon barrels, then refined into barrels of wine. Oloroso sherry for 6 months. ");
insert into whiskyproject.translation(id, whiskyid,languageid,descriptions) value(15, 8,"fr","Kavalan King Car Whisky est un single malt généreux, complexe et délicat. Il est une des dernières expressions de la distillerie, mis en bouteille à 46% au lieu des 40% habituels. A elle seule cette expression ambitionne de démontrer tout le savoir faire du groupe King Car. Kavalan ou 'sincérité' tient son nom d'une ancienne tribu qui résidait au nord-est de Taïwan. Pour produire un whisky d'excellence, Kavalan a fait appel à Jim Swan, un expert de renommée mondiale.");
insert into whiskyproject.translation(id, whiskyid,languageid,descriptions) value(16, 8,"en","Kavalan King Car Whiskey is a generous, complex and delicate single malt that is one of the last expressions of the distillery, bottled at 46% instead of the usual 40%.\" This unique expression aims to demonstrate all the know-how. King Car Group Kavalan or 'Sincerity' is named after an ancient tribe who lived in northeastern Taiwan, and to produce a whiskey of excellence, Kavalan turned to Jim Swan, a world-renowned expert. ");
insert into whiskyproject.translation(id, whiskyid,languageid,descriptions) value(17, 9,"fr","Ce single malt des Highlands au carcatère salé, a une personnalité marine bien affirmée. L'emblème de la distillerie Old Pulteney, un harenguier voguant sur une mer mouvementée, est un hommage à la traditionnelle pêche au hareng dans la région. Cette distillerie située sur la mer du Nord près du port de Wick est la plus septentrionale d'Ecosse. Wick était au XIX° siècle un port florissant, et l’ouverture de la distillerie date de cette époque. La distillerie produit une large gamme allant du 12 au 40 ans d’âge sans compter les expression sans mention d’âge.");
insert into whiskyproject.translation(id, whiskyid,languageid,descriptions) value(18, 9,"en","This high-salt single malt with salty carcatère has a strong marine personality, and the Old Pulteney distillery, a herringbone sailing on a bustling sea, is a tribute to the traditional herring fishery in the region. on the North Sea near Wick Harbor is the northernmost in Scotland, Wick was a flourishing port in the 19th century, and the distillery's opening dates back to that time.The distillery produces a wide range from 12 to 40 years of age not counting the expressions without mention of age. ");
insert into whiskyproject.translation(id, whiskyid,languageid,descriptions) value(19, 10,"fr","Ce Nikka Pure Malt Red est un assemblage de malts provenant principalement de la distillerie Miyagikyo, dans la gamme des trois pure malt Black, Red et White, il se veut charmeur et délicat. Ce whisky vanillé est un digne représentant du savoir faire des maîtres assembleurs japonais.");
insert into whiskyproject.translation(id, whiskyid,languageid,descriptions) value(20, 10,"en","This Nikka Pure Malt Red is a blend of malts mainly from the Miyagikyo distillery, in the range of three pure malt Black, Red and White, it is charming and delicate.This vanilla whiskey is a worthy representative of the expertise of the masters Japanese assemblers. ");
insert into whiskyproject.translation(id, whiskyid,languageid,descriptions) value(21, 11,"fr","Glenglassaugh est une distillerie traditionnelle des côtes des Highlands, toute son orge maltée provient des environs. Elle est parfois classée dans le Speyside étant donné sa situation géographique frontalière. Avec le Torfa (tourbe en dialecte Viking), Glenglassaugh fait une incursion très réussie dans le monde des whiskies tourbés.’,’Le maître de chais Billy Walker a sélectionné les fûts pour un résultat très subtil où la tourbe affirmée mais délicate vient charpenter le fond fruité de ce single malt.");
insert into whiskyproject.translation(id, whiskyid,languageid,descriptions) value(22, 11,"en","Glenglassaugh is a traditional highland distillery, with all its malted barley sourced from the surrounding area, sometimes classified in Speyside because of its geographical location, and with the Torfa (Viking dialect peat), Glenglassaugh makes a very successful incursion into the world of peaty whiskeys. ',' Cellar Master Billy Walker has selected the casks for a very subtle result where the assertive yet delicate peat is framing the fruity base of this single malt. ");
insert into whiskyproject.translation(id, whiskyid,languageid,descriptions) value(23, 12,"fr","Construite il y a une vingtaine d’année sur cette île baignée par le gulf stream, Arran bénéficie de ce micro climat qui fait vieillir ses single malt plus rapidement. L’Arran Sauternes cask finish est un single malt qui a maturé pendant 8 ans dans des fûts traditionnels puis entamé une finition dans des fûts de Sauternes sous l’œil avisé du maître de chai James MacTaggart, spécialiste de l’affinage.’,’L’équilibre entre les deux influences du fût de bourbon et du fût de Sauternes est savamment dosé pour donner un résultat exceptionnel. Nous voici donc en compagnie d’un single malt racé, qui dégage des arômes de miel et de fruits mûrs. Des notes d’agrumes viennent parachever le caractère fruité.");
insert into whiskyproject.translation(id, whiskyid,languageid,descriptions) value(24, 12,"en","Built around 20 years ago on this island bathed by the gulf stream, Arran benefits from this micro climate that ages its single malt faster.The Arran Sauternes cask finish is a single malt that has matured for 8 years in traditional barrels and then finished in Sauternes casks under the watchful eye of cellar master James MacTaggart, a specialist in maturing. ',' The balance between the two influences of bourbon casks and Sauternes casks is expertly proportioned to give an exceptional result, so here we are in the company of a racy single malt, which exudes aromas of honey and ripe fruit, citrus notes that complete the fruity character. ");
insert into whiskyproject.translation(id, whiskyid,languageid,descriptions) value(25, 13,"fr","Glen Grant a lancé en 2016 sa nouvelle gamme de single malts, dont le 18 ans d’âge qui vient remplacer le 16 ans, avec un nouveau packaging à la fois moderne et ancré dans l’héritage familial et écossais. Cette nouvelle expression a fait une entrée en scène fracassante avec son classement par Jim Murray dans le top 3 des whiskies de 2017, à côté d’un Rye et d’un Bourbon.’,’En effet, Glen Grant a apporté le plus grand soin à la sélection des fûts et à leur maturation pour produire un single malt riche et complexe, révélant des notes de vanille et raisin sec sur un fond épicé.’,’La moitié de la production de Glen Grant, distillerie fondée en 1840, est destinée à la production de blends prestigieux comme le Chivas et l’autre moitié est amenée à maturité dans les chais situés à Rothes.");
insert into whiskyproject.translation(id, whiskyid,languageid,descriptions) value(26, 13,"en","Glen Grant launched in 2016 its new range of single malts, including the 18-year-old replacing the 16-year-old, with a new packaging that is both modern and rooted in family and Scottish heritage. made a staggering debut with his ranking by Jim Murray in the top 3 whiskeys of 2017, next to a Rye and a Bourbon. ',' Indeed, Glen Grant has taken the greatest care in the selection drums and maturing to produce a rich and complex single malt, revealing hints of vanilla and raisin on a spicy background. ',' Half of the production of Glen Grant, a distillery founded in 1840, is for the production prestigious blends like Chivas and the other half is matured in the cellars in Rothes. ");
insert into whiskyproject.translation(id, whiskyid,languageid,descriptions) value(27, 14,"fr","Le Glen Garioch 12 ans, prononcez glen guiri, tient son nom de la vallée du Garioch. Fondée en 1797, cette distillerie des Highlands presque confidentielle, appartient aujourd'hui à Morrison Bowmore Distillers. Avec le single malt Glen Garioch 12 ans, la distillerie signe là une expression issue de l'assemblage de deux types de vieillisement dans des fûts de bourbon et des fûts de sherry.");
insert into whiskyproject.translation(id, whiskyid,languageid,descriptions) value(28, 14,"en","Glen Garioch 12 years old, pronounced glen guiri, takes its name from the Garioch Valley, which was established in 1797. This highly confidential Highland distillery is now owned by Morrison Bowmore Distillers, with 12-year-old Glen Garioch Distillery is an expression of the combination of two types of aging in bourbon casks and sherry casks. ");
insert into whiskyproject.translation(id, whiskyid,languageid,descriptions) value(29, 15,"fr","Le malt non tourbé de la distillerie donne naissance à un Jura 16 ans riche et délicat qui mélange douceur et fermeté. La maturation de ce single malt est originale : 90% du distillat vieilli dans des fûts de chêne blanc américain et les 10% restants vieillissent dans des fûts de xérès oloroso.  Il en résulte un whisky d'une grande finesse, à la robe cuivrée. L'estampille de la bouteille indique que c'est le whisky préféré des habitants : Diurachs’ Own ou le « choix des habitants de l’île de Jura ».");
insert into whiskyproject.translation(id, whiskyid,languageid,descriptions) value(30, 15,"en","The undisturbed malt of the distillery gives birth to a rich and delicate Jura 16 that combines softness and firmness.The maturation of this single malt is original: 90% of the distillate aged in white oak barrels and the remaining 10% Aging in oloroso sherry casks, the result is a fine, copper-colored whiskey.The bottle stamp indicates that it is the favorite whiskey of the inhabitants: Diurachs' Own or the \"choice of the inhabitants from the island of Jura \".");
insert into whiskyproject.translation(id, whiskyid,languageid,descriptions) value(31, 16,"fr","The Six Isles, créé par Ian Macleod est le tout premier blended malt whisky qui regroupe des malts provenant des six îles productrices : Arran, Islay, Jura, Mull, Orkney et Skye. Les single malts sélectionnés connaissent une maturation en commun pendant six mois en fûts de chêne pour mieux les harmoniser, puis affinés en fûts de rhum HSE ce qui confère à ce blended malt une gourmandise supplémentaire remarquable.");
insert into whiskyproject.translation(id, whiskyid,languageid,descriptions) value(32, 16,"en","The Six Isles, created by Ian Macleod, is the first-ever blended malt whiskey with malts from the six producing islands: Arran, Islay, Jura, Mull, Orkney and Skye, and the selected single malts ripen for six months. in oak barrels to better harmonize them, then refined in barrels of HSE rum which gives this blended malt a remarkable additional gluttony. ");
insert into whiskyproject.translation(id, whiskyid,languageid,descriptions) value(33, 17,"fr","Afin de préserver le goût unique de ses whiskies, la distillerie Glengoyne utilise depuis sa création en 1833, les mêmes méthodes traditionnelles. Située dans les Highlands au nord de Glasgow, Glengoyne produit son whisky à partir de la Golden Promise, une orge qui donne un distillat doux.’,’Ensuite cette orge est séchée à l'air, la tourbe étant bannie de Glengoyne. Puis vient une distillation lente de 8h avant de faire séjourner le nectar douze années durant dans des fûts de bourbon et de sherry. Le tout contribuant à donner à ce single malt son caractère singulier.’,’Ce Glengoyne 12 ans est disponible en bouteille avec étui ou bien en coffret avec deux verres idéal pour un cadeau.");
insert into whiskyproject.translation(id, whiskyid,languageid,descriptions) value(34, 17,"en","In order to preserve the unique taste of its whiskeys, the Glengoyne distillery has been using the same traditional methods since its creation in 1833. Located in the Highlands north of Glasgow, Glengoyne produces its whiskey from the Golden Promise, a barley that gives After this barley is air-dried, the peat is banished from Glengoyne, followed by a slow distillation of 8 hours before the nectar is kept for twelve years in bourbon and sherry casks. all contributing to give this single malt its singular character. ',' This 12 year old Glengoyne is available in bottle with case or in box with two glasses ideal for a gift. ");
insert into whiskyproject.translation(id, whiskyid,languageid,descriptions) value(35, 18,"fr","Jameson est le plus connu des whiskey irlandais et son expression Gold Reserve est un produit sophistiqué fruit de l’assemblage de trois irish whiskey de 13 ou 14 ans d’âge ayant séjourné dans des fûts de chêne neuf, de Xérès et de Bourbon. C’est un représentant typique de la famille des « pot still » irlandais, au caractère gras et onctueux.’,’Produit par la distillerie de Middleton, la plus moderne d’Europe, le whiskey Jameson se retrouve sur les étagères des bars de tous  les continents. Malgré le caractère familier de Jameson, on se laissera surprendre par cette expression somptueuse savamment assemblée. Une belle idée de cadeau que cette bouteille raffinée avec son étui spécial.");
insert into whiskyproject.translation(id, whiskyid,languageid,descriptions) value(36, 18,"en","Jameson is the best-known Irish whiskey and its Gold Reserve expression is a sophisticated blend of three 13- or 14-year-old Irish whiskeys that have been housed in new oak, sherry and bourbon casks. It is a typical representative of the Irish \"pot still\" family, with its bold and unctuous character. '' Produced by the Middleton distillery, the most modern in Europe, Jameson whiskey is found on the shelves of In spite of the familiar nature of Jameson, we will be surprised by this sumptuous expression skilfully assembled.A beautiful gift idea that this refined bottle with its special case.");
insert into whiskyproject.translation(id, whiskyid,languageid,descriptions) value(37, 19,"fr","Ce Big Peat en édition limitée pour Noël est un cadeau irrésistible, embouteillé à la force du fût pour exprimer toute la fougue de ces whiskies exclusivement Islay. Pour la première fois, un Big Peat rassemble toutes les distilleries actives sur Islay (Ardbeg, Bowmore, Bruichladdich, Bunnahabhain, Caol Ila, Kilchoman, Lagavulin, Laphroaig) ainsi que Port Ellen, aujourd’hui transformée en malterie.’,’Cette nouvelle édition du grand bébé de Douglas Laing est un cru exceptionnel avec les 9 chaussettes sur l’étui symbolisant les 9 distilleries ayant contribué à sa naissance.’,’Ce single malt est tourbé à souhait, au coin du fumée vous sentirez doublement la cheminée.");
insert into whiskyproject.translation(id, whiskyid,languageid,descriptions) value(38, 19,"en","This limited edition Big Peat for Christmas is an irresistible gift, bottled by the bole to express all the passion of these exclusively Islay whiskeys.For the first time, a Big Peat gathers all the active distilleries on Islay (Ardbeg, Bowmore). , Bruichladdich, Bunnahabhain, Caol Ila, Kilchoman, Lagavulin, Laphroaig) as well as Port Ellen, now transformed into a malt. ',' This new edition of Douglas Laing's great baby is an exceptional vintage with the 9 socks on the case symbolizing the 9 distilleries that contributed to its birth. ',' This single malt is peaty at will, at the corner of the smoke you will feel doubly the chimney.");
insert into whiskyproject.translation(id, whiskyid,languageid,descriptions) value(39, 20,"fr","Le single malt Glen Grant 10 ans est un Speyside single cask (390 bouteilles) millésime 2004. Elevé dans des fûts de bourbon, il a été créé par Lang Distillers dans la série Hepburn's Choice de single casks à 46% sélectionnés pour offrir une palette représentative des différentes régions d'Ecosse. Fondée en 1840, Glen Grant est une des cinq distilleries de la ville de Rothes. Elle produit des single malts qui détiennent la deuxième marche du podium au niveau mondial.");
insert into whiskyproject.translation(id, whiskyid,languageid,descriptions) value(40, 20,"en","Glen Grant's 10-year-old Single Malt is a 2004 speyside Single Cask (390 bottles). Bred in bourbon casks, it was created by Lang Distillers in the Hepburn's Choice series of 46% single casks selected to offer a palette representative of the different regions of Scotland Founded in 1840, Glen Grant is one of the five distilleries in the city of Rothes, producing single malts that are second in the world. ");
insert into whiskyproject.translation(id, whiskyid,languageid,descriptions) value(41, 21,"fr","Pour produire cette édition de 6000 bouteilles, Springbank a utilisé un assemblage de fûts de bourbon et de sherry. Hazelburn 8 ans est l'expression la plus douce produite par Springbank, distillerie artisanale connue pour ses expressions tourbées du même nom. La triple distillation de ce single malt de la région de Campbeltown lui confère son caractère léger et délicat.");
insert into whiskyproject.translation(id, whiskyid,languageid,descriptions) value(42, 21,"en","To produce this edition of 6,000 bottles, Springbank has used a blend of bourbon and sherry casks.The 8-year-old Hazelburn is the sweetest expression produced by Springbank, an artisanal distillery known for its peaty expressions of the same name. of this single malt from the Campbeltown area gives it its light and delicate character. ");
insert into whiskyproject.translation(id, whiskyid,languageid,descriptions) value(43, 22,"fr","Embouteillée par Gordon & MacPhail, un des noms vénérables du whisky de négoce indépendant d’Ecosse, la gamme Speymalt from Macallan comprend un grand nombre de millésimes. Fondée en 1824, Macallan est située près de Craigellachie sur la rivière Spey. Grâce à son succès, elle a connu plusieurs phases d’agrandissement et elle est leader sur le marché asiatique du whisky. Connue pour ses élevages en fûts de sherry, elle a lancé en 2004 la gamme Fine Oak élevée en fût de chêne.");
insert into whiskyproject.translation(id, whiskyid,languageid,descriptions) value(44, 22,"en","Bottled by Gordon & MacPhail, one of the venerable names of Scotland's independent trading whiskey, the Speymalt from Macallan range includes a number of vintages, founded in 1824 and located near Craigellachie on the Spey River. it has experienced several phases of expansion and is the leader in the Asian whiskey market.It is known for its sherry casks, and in 2004 it launched the Fine Oak range in oak barrels. ");
insert into whiskyproject.translation(id, whiskyid,languageid,descriptions) value(45, 23,"fr","La maison Maker’s Mark cultive sa différence en produisant ce bourbon devenu culte par petits lots ou small batchs, pas plus de 19 fûts à la fois. La première bouteille éditée en 1958 portait déjà la marque de fabrique caractéristique, le fameux enrobage en cire rouge du bouchon, coulé à la main, et le mot Whisky orthographié à l’anglaise. Dès l’origine, les hommes qui ont imaginé ce bourbon ont opté pour le blé en remplacement du seigle, car ils voulaient un bourbon suave et doux.’,’Les fûts sont laissés à mûrir pendant environ 6 ans, seul le maître de chai décide à quel moment chaque fût terminera son long sommeil pour être embouteillé, peu importe si cela prend un an de plus. Soucieux de garder une constance parfaite du caractère de leur bourbon, les artisans de Maker’s Mark procèdent à des rotations des fûts dans les chais afin de cibler la maturation la plus uniforme possible.");
insert into whiskyproject.translation(id, whiskyid,languageid,descriptions) value(46, 23,"en","The Maker's Mark House cultivates its difference by producing this bourbon cult in small batches or small batches, no more than 19 casks at a time.\" The first bottle published in 1958 already had the trademark, the famous red wax coating The hand-poured cork, and the word Whiskey spelled English From the beginning, the men who imagined this bourbon opted for wheat instead of rye, because they wanted a sweet and sweet bourbon. 'The casks are left to ripen for about 6 years, only the cellar master decides when each cask will finish its long sleep to be bottled, no matter if it takes a year longer, anxious to keep a perfect constancy of character from their bourbon, Maker's Mark's craftsmen rotate the casks in the cellars in order to target the most uniform maturation possible. ");
insert into whiskyproject.translation(id, whiskyid,languageid,descriptions) value(47, 24,"fr","Le travail remarquable effectué par cette distillerie traditionnelle permet de produire un single malt de 10 ans d’une telle complexité. En effet ce Springbank 10 ans révèle une palette d’arômes fruitée et épicée exceptionnelle, portée par un fond salin et tourbé.’,’Le contraste doux / salin qui s’exprime dans ce single malt se révèle très séduisant. Dernière survivante de cette région qui connut son heure de gloire, Springbank entretient en effet, sous la houlette de la famille Mitchell, son caractère unique fait d’un savoir-faire ancestral affuté et d’une dose savamment entretenue de désorganisation.");
insert into whiskyproject.translation(id, whiskyid,languageid,descriptions) value(48, 24,"en","The remarkable work done by this traditional distillery makes it possible to produce a 10-year-old single malt of such complexity, as this 10-year-old Springbank reveals a palette of exceptional fruity and spicy aromas, driven by a salty and peaty background.\" , 'The sweet / salty contrast in this single malt turns out to be very seductive, the last survivor of this region to have its heyday, Springbank maintains, under the leadership of the Mitchell family, its unique character made of 'Ancestral know-how sharpened and a dose cleverly maintained disorganization.");
insert into whiskyproject.translation(id, whiskyid,languageid,descriptions) value(49, 25,"fr","Le Mars Maltage Cosmo, dernière création de la distillerie Shinshu, est un blended malt, assemblage de single malts distillés sur place et de single malts écossais. Takehira Koteru, master blender de Shinshu, distillerie perchée à 800 m au cœur des alpes japonaises, maîtrise l’art de la composition des blends et mise sur ce savoir-faire comme beaucoup d’autres maîtres japonais pour produire des expressions étonnantes tout en palliant la pénurie de single malts japonais.’,’Avec le Cosmo, Mars nous sert un blended malt fougueux, riche en arômes, épicé et porté par des notes fruitées.’,’Fondée en 1985 et ayant repris la distillation de whisky en 2011, Shinshu produit également de l’eau de vie de prune, elle fait vieillir ses whiskies dans des fûts de sherry, de brandy et de bourbon.");
insert into whiskyproject.translation(id, whiskyid,languageid,descriptions) value(50, 25,"en","Mars Maltage Cosmo, the latest creation of the Shinshu distillery, is a blended malt, a blend of single malts distilled on the spot and single Scottish malts Takehira Koteru, master blender of Shinshu, distillery perched 800 m in the heart of the Japanese alps, master the art of blends composition and rely on this know-how as many other Japanese masters to produce amazing expressions while overcoming the shortage of single Japanese malts. ',' With the Cosmo, Mars serves us a blended fiery, rich in aromas, spicy and fruity. ',' Founded in 1985 and having resumed whiskey distillation in 2011, Shinshu also produces plum brandy, aging its whiskeys in sherry, brandy and bourbon casks. ");
insert into whiskyproject.translation(id, whiskyid,languageid,descriptions) value(51, 26,"fr","D'après Dominic Roskrow, Balvenie est le Jack Daniel's d'Ecosse : une grande distillerie qui se fait passer pour un établissement modeste. Ce grand cru du Speyside qui appartient à William Grant, cultive comme sa grande soeur Glenfiddich, une partie de son orge sur place et possède ses propres ateliers de tonnellerie et chaudronnerie.");
insert into whiskyproject.translation(id, whiskyid,languageid,descriptions) value(52, 26,"en","According to Dominic Roskrow, Balvenie is Jack Daniel's of Scotland: a big distillery that pretends to be a modest establishment, this great vintage of Speyside which belongs to William Grant, grows like his big sister Glenfiddich, a part of his barley on the spot and has his own cooperage and boilermaking workshops. ");
insert into whiskyproject.translation(id, whiskyid,languageid,descriptions) value(53, 27,"fr","La série Hepburn’'s Choice créée par Lang Distillers sort des sentiers battus grâce à ces single casks à 46% sélectionnés pour permettre la découverte de distilleries peu connues du grand public. Cette expression single cask (798 bouteilles) millésime 2001 montre une des facettes de Benrinnes, malt du Speyside produit par Diageo généralement utilisé dans la composition de blends comme J&B et Johnnie Walker. Les malts de Benrinnes sont distillés trois fois et marqués par l’onctuosité et le miel.");
insert into whiskyproject.translation(id, whiskyid,languageid,descriptions) value(54, 27,"en","Lang Distillers 'Hepburn''s Choice series is off the beaten path with these 46% single casks selected to allow the discovery of distilleries little known to the general public.This expression single cask (798 bottles) vintage 2001 shows one of the Benrinnes facets, Speyside malt produced by Diageo generally used in blends like J & B and Johnnie Walker Benrinnes malts are distilled three times and marked by creaminess and honey. ");
insert into whiskyproject.translation(id, whiskyid,languageid,descriptions) value(55, 28,"fr","Cette petite distillerie du Speyside produit un single malt d'une grande richesse. Elle innove sans cesse, comme pour sa version Benromach Organic, mais ne craint pas de retourner aux origines en utilisant à nouveau la tourbe pour sécher l'orge. De l'orge bio, de la levure bio et des fûts neufs issues de forêts de chêne exploitées durablement sont utilisés pour produire cette version originale. Le résultat est un whisky vif, fruité et onctueux.’,’Les fûts de chêne neuf confèrent à cet opus un caractère vanillé et une texture soyeuse fruitée à souhait. Ce whisky typique du Speyside est sans mention d'âge.");
insert into whiskyproject.translation(id, whiskyid,languageid,descriptions) value(56, 28,"en","This small distillery in Speyside produces a very rich single malt, which is constantly innovating, like its Benromach Organic version, but is not afraid to go back to the origins by using peat again to dry barley. Organic barley, organic yeast and new oak barrels from sustainably harvested oak forests are used to produce this original version, resulting in a lively, fruity and unctuous whiskey. '' New oak barrels give this opus a vanilla character and a silky fruity texture, this typical Speyside whiskey is without mention of age. ");
insert into whiskyproject.translation(id, whiskyid,languageid,descriptions) value(57, 29,"fr","Créé par les frères Graham, spécialistes du blending installés à Aberdeen depuis 1879, le Black Bottle est un merveilleux blend whisky, riche et fumé, qui fût initialement conditionné dans une bouteille en verre noir importée spécialement d’Allemagne. Remplacée après la grande guerre, cette bouteille a repris du service après l’acquisition de la marque par Burn Stewart Distillers pour marquer le retour de la recette originale.");
insert into whiskyproject.translation(id, whiskyid,languageid,descriptions) value(58, 29,"en","Created by the Graham Brethren, Aberdeen blending specialists since 1879, the Black Bottle is a wonderful blend of rich, smoky whiskey that was originally packaged in a specially imported black glass bottle from Germany. , this bottle has resumed service after the acquisition of the brand by Burn Stewart Distillers to mark the return of the original recipe. ");
insert into whiskyproject.translation(id, whiskyid,languageid,descriptions) value(59, 30,"fr","Ce single malt primé des Highlands, est une pure merveille ! Le Dalmore 18 ans est vieilli pendant 14 ans en fûts de bourbon américain et en fûts de chêne espagnols, il est ensuite affiné dans des fûts de xérès matusalem oloroso pendant 4 ans. C'est ainsi que Whyte and MacKay obtient cette expression emblématique des whiskies dominés par le sherry. Située à proximité de la fameuse 'Ile Noire' rendue célèbre par Hergé, Dalmore utilise des alambics uniques conçus pour augmenter le reflux, ce qui permet de produire des distillats de complexités variées allant du riche au floral.");
insert into whiskyproject.translation(id, whiskyid,languageid,descriptions) value(60, 30,"en","This award-winning Highland single malt is a marvel!\" The 18-year-old Dalmore is aged for 14 years in American bourbon casks and Spanish oak barrels, and is matured in mattress oak barrels for 4 years. Whyte and MacKay gets this iconic expression of sherry-dominated whiskeys and is located near the famous 'Black Isle' made famous by Hergé, Dalmore uses unique stills designed to increase ebb and flow. distillates of various complexities ranging from rich to floral. ");
insert into whiskyproject.translation(id, whiskyid,languageid,descriptions) value(61, 31,"fr","Elijah Craig est un straight bourbon qui témoigne à merveille du savoir-faire de la distillerie Heaven Hill. Avec une intéressante complexité, un nez fin et subtil, il reste très ancré dans la tradition ancestrale de cette distillerie. Cette expression porte le nom du révérend américain d'origine écossaise qui, selon la légende créa le bourbon vers 1795. Elle est le fruit de l'assemblage d'environ 70 fûts de chêne neufs.");
insert into whiskyproject.translation(id, whiskyid,languageid,descriptions) value(62, 31,"en","Elijah Craig is a straight bourbon that is a great example of Heaven Hill distillery expertise, with an intricate complexity, a fine and subtle nose, and is deeply rooted in the ancestral tradition of this distillery. American reverend of Scottish origin who, according to legend created the bourbon around 1795. It is the result of the assembly of about 70 new oak barrels. ");
insert into whiskyproject.translation(id, whiskyid,languageid,descriptions) value(63, 32,"fr","Fettercairn single cask à 46% (377 bouteilles), millésime 2005 est une expression des Highlands créée par Lang Distillers dans la série Hepburn's Choice. Ces single casks sont sélectionnés pour offrir une palette représentative des différentes régions d'’Ecosse. Ce single malt élevé dans des fûts de bourbon est utilisé dans la composition de blends, Seuls 4% sont commercialisés comme single malt. La distillerie Fettercairn située dans l'Aberdeenshire et fondée en 1824 a été la seconde après Glenlivet à obtenir une licence.");
insert into whiskyproject.translation(id, whiskyid,languageid,descriptions) value(64, 32,"en","Fettercairn single cask at 46% (377 bottles), vintage 2005 is a Highlands expression created by Lang Distillers in the Hepburn's Choice series.These single casks are selected to offer a representative palette of different regions of Scotland.This single malt Made up in bourbon casks is used in blends, only 4% is marketed as single malt.The Fettercairn distillery located in Aberdeenshire and founded in 1824 was the second after Glenlivet to obtain a license. ");
insert into whiskyproject.translation(id, whiskyid,languageid,descriptions) value(65, 33,"fr","Il semblerait que certains connaisseurs boudent Glenfiddich à cause de son immense succès. N'en faites rien et rendez hommage à ce merveilleux nectar. Ce single malt du Speyside, ferme et chaleureux a vieilli dans des fûts de bourbon avant de terminer sa maturation dans des fûts de sherry, lui donnant ainsi son caractère unique.");
insert into whiskyproject.translation(id, whiskyid,languageid,descriptions) value(66, 33,"en","It seems that some connoisseurs sulk Glenfiddich because of its immense success, do not do it and pay homage to this wonderful nectar.This Speyside single malt, firm and warm aged in bourbon casks before finishing its maturation in sherry casks, giving it its unique character. ");
insert into whiskyproject.translation(id, whiskyid,languageid,descriptions) value(67, 34,"fr","Chieftain’s Choice est une gamme d’embouteillages millésimés en séries limitées, créée par le nez de la maison Ian McLeod, Anthony Mc Callum. Ce Jura de 14 ans a été distillé en 1997 et embouteillé (387 bouteilles) en 2012 après être passé par une finition en fût de chêne français. Sur chaque bouteille de cette gamme vous retrouverez des informations sur le type et le numéro de fût, le nombre de bouteilles, le millésime et l’âge du single malt. Certaines versions proviennent de distilleries aujourd’hui abandonnées qui vous invitent à un véritable voyage dans le temps.");
insert into whiskyproject.translation(id, whiskyid,languageid,descriptions) value(68, 34,"en","Chieftain's Choice is a limited-edition vintage bottling line created by Anthony McLeod's Anthony Mc Callum, a 14-year-old Jura that was distilled in 1997 and bottled (387 bottles) in 2012 after passing through A finish in French oak barrel On each bottle of this range you will find information on the type and the number of barrel, the number of bottles, the vintage and the age of single malt Some versions come from distilleries today abandoned that invite you to a real journey in time. ");
insert into whiskyproject.translation(id, whiskyid,languageid,descriptions) value(69, 35,"fr","Fabriqué selon les mêmes normes que le bourbon, le rye est un whiskey de seigle (au moins 51%) qui a maturé plus de deux ans. Le Sonoma County Rye est un whiskey splendide qui nous vient de Californie où il a été élaboré selon des techniques ancestrales. Adam Spiegel, un maestro dans l'art de la distillation, a élaboré ce rye en chauffant l'alambic à la flamme directe.");
insert into whiskyproject.translation(id, whiskyid,languageid,descriptions) value(70, 35,"en","Made to the same standards as bourbon, rye is a rye whiskey (at least 51%) that has matured for more than two years.The Sonoma County Rye is a splendid whiskey that comes from California where it was made according to ancestral techniques Adam Spiegel, a maestro in the art of distillation, elaborated this rye by heating the still to the direct flame. ");
insert into whiskyproject.translation(id, whiskyid,languageid,descriptions) value(71, 36,"fr","Ce whiskey du Kentucky, nommé ainsi en hommage à la chasse au dindon sauvage « wild turkey » est un grand bourbon à l'ancienne ! Créateur légendaire de bourbons, Jimmy Russel en produit depuis plus de cinquante ans. Le Wild Turkey 8 ans d'âge a bénéficié d'une maturation exceptionnelle et a été mis en bouteille à 101 proof.");
insert into whiskyproject.translation(id, whiskyid,languageid,descriptions) value(72, 36,"en","This Kentucky whiskey, named after the wild turkey hunt, is a big old-fashioned bourbon!\" The legendary Bourgeois creator, Jimmy Russel, has been producing for over 50 years. age has enjoyed exceptional maturation and has been bottled to 101 proof. ");
insert into whiskyproject.translation(id, whiskyid,languageid,descriptions) value(73, 37,"fr","Eddu est un whisky breton original produit à partir du blé noir ou sarrasin par la Distillerie des Menhirs dans le Finistère. Son histoire démarre dès 1921 avec la distillation de cidre pour produire une eau de vie appelée Lambig et elle se lance en 2002 dans la distillation du seul whisky de blé noir au monde.’,’Eddu Silver Brocéliande est vieilli dans des fûts de Cognac et affiné dans des fûts de chêne neuf de la forêt de Brocéliande, spécialement fabriqué pour cette expression. Cette double maturation lui confère un caractère boisé et vanillé sur des notes fruitées qui apportent une ample présence au palais.’,’Ce whisky au caractère si particulier surprend par sa complexité aromatique, il ne contient certes pas d’orge dans sa composition, mais il est digne des grands classiques de ses cousins celtes d’Ecosse.");
insert into whiskyproject.translation(id, whiskyid,languageid,descriptions) value(74, 37,"en","Eddu is an original Breton whiskey made from buckwheat or buckwheat by the Distillery of the Menhirs in Finistere, its history starts in 1921 with the distillation of cider to produce a brandy called Lambig and it starts in 2002 in the Distillation of the world's only black wheat whiskey. ");
insert into whiskyproject.translation(id, whiskyid,languageid,descriptions) value(75, 38,"fr","Le Dalmore Cigar Malt Reserve, produit par la distillerie Dalmore dans le grand Nord écossais,  a fait son retour en 2012 pour le plus grand plaisir des amateurs de Cigare. Dalmore est une distillerie qui cultive son caractère atypique, en effet elle maintient un nombre d’alambics tous différents les uns des autres ce qui lui permet de diversifier le caractère de ses distillats, même si c’est au prix d’un travail très précis au niveau du pilotage des opérations.’,’Une triple maturation a été choisie pour donner son caractère de caramel fruité à cette expression : des fûts de bourbon, de sherry Oloroso et une finition en Cabernet Sauvignon. Cette expression est très ample grâce à des whisky de plus de 15 ans d’âge qui ont été assemblés pour lui donner naissance.");
insert into whiskyproject.translation(id, whiskyid,languageid,descriptions) value(76, 38,"en","The Dalmore Cigar Malt Reserve, produced by the Dalmore distillery in the far north of Scotland, made its comeback in 2012 to the delight of cigar lovers, and Dalmore is a distillery that cultivates its atypical character. of stills different from each other which allows it to diversify the character of its distillates, even if it is at the cost of a very precise work at the level of the control of the operations. ',' A triple maturation was chosen to give this fruity caramel character to this expression: bourbon casks, Oloroso sherry and a Cabernet Sauvignon finish.This expression is very broad thanks to whiskeys over 15 years old that have been assembled to give it birth.");
insert into whiskyproject.translation(id, whiskyid,languageid,descriptions) value(77, 39,"fr","Créé en 2015 pour célébrer les 80 ans de la maison Nikka, le Nikka 12 ans est une exception dans le portefeuille actuel de Nikka qui a quasiment arrêté la production des expressions avec mention d’âge. Pour concocter ce blend de 12 ans et célébrer dignement son âge vénérable, la maison Nikka a assemblé des singles malts distillés à Yoichi et Miyagikyo avec du Nikka Coffey Grain.’,’La personnalité de ce blend de 12 ans tient à la douceur moelleuse et vanillée du Nikka Coffey Grain mais elle est largement dominée par les single malts qui entrent dans sa composition, elle rappelle le Taketsuru 12 ans mais avec des notes épicées encore plus affirmées et un soupçon d’amertume. La large palette aromatique de cet assemblage fruité et chocolaté en fait en tous cas un whisky gourmand.");
insert into whiskyproject.translation(id, whiskyid,languageid,descriptions) value(78, 39,"en","Created in 2015 to celebrate Nikka's 80th birthday, the 12-year-old Nikka is an exception in Nikka's current portfolio, which almost halted the production of age-honored expressions.\" To concoct this 12-year-old blend and celebrate worthy of its venerable age, the Nikka House has assembled distilled malt singles to Yoichi and Miyagikyo with Nikka Coffey Grain. ',' The personality of this 12-year-old blend is due to the soft, vanilla sweetness of the Nikka Coffey Grain but it is widely dominated by the single malts that go into its composition, it is reminiscent of the Taketsuru 12 years but with spicy notes even more assertive and a hint of bitterness.The wide aromatic palette of this fruity and chocolate blend makes it in any case a gourmet whiskey . ");
insert into whiskyproject.translation(id, whiskyid,languageid,descriptions) value(79, 40,"fr","Embouteilleur indépendant à Dublin, Teeling y a récemment inauguré sa propre distillerie en plein centre-ville, la première nouvelle distillerie depuis 125 ans. Ce single malt récompensé par les Awards de whisky magazine est un assemblage savant de malts dont certains de 23 ans d’âge, ont maturé dans cinq fûts différents de sherry, bourgogne blanc, cabernet-sauvignon, porto et madère.’,’Cette formule exceptionnelle produit un single malt riche, au caractère affirmé et charmeur. Fruité dès les premières inhalations, ce whiskey révèle des notes de fruits exotiques dans une texture soyeuse. Ce single malt affiche décidément un rapport valeur prix exceptionnel.");
insert into whiskyproject.translation(id, whiskyid,languageid,descriptions) value(80,40,"en","An independent bottler in Dublin, Teeling has recently opened its own downtown distillery, the first new distillery in 125 years, a whiskey magazine award-winning single malt, a clever blend of malts, some of which are 23 years old. age, have matured in five different casks of sherry, white burgundy, cabernet-sauvignon, port and Madeira. ',' This exceptional formula produces a rich single malt, with a strong and charming character.Fruitable from the first inhalations, this whiskey reveals notes of exotic fruits in a silky texture.This single malt definitely displays an exceptional value for money. ");
insert into whiskyproject.translation(id, whiskyid,languageid,descriptions) value(81, 41,"fr","Cette expression single cask des Highlands (421 bouteilles) millésime 2002 de Blair Athol est créée par Lang Distillers dans la série Hepburn’'s Choice. Sortant des sentiers battus, ces single casks à 46% sont sélectionnés pour offrir une palette représentative de différentes distilleries à découvrir. Après des vicissitudes ayant conduit à sa fermeture, Blair Athol renaît en 1949 grâce à Arthur Bell and Sons. Ce malt est habituellement utilisé dans la composition du blend Bell.");
insert into whiskyproject.translation(id, whiskyid,languageid,descriptions) value(82, 41,"en","This 2002 Blair Athol Highland (421 bottles) single cask expression is created by Lang Distillers in the Hepburn ''s Choice Series.\" Off the beaten path, these 46% single casks are selected to offer a representative palette of different distilleries to discover After the vicissitudes that led to its closure, Blair Athol was reborn in 1949 thanks to Arthur Bell and Sons.This malt is usually used in the composition of Bell Blend. ");
insert into whiskyproject.translation(id, whiskyid,languageid,descriptions) value(83, 42,"fr","Cette expression single cask (660 bouteilles) millésime 2001 de Braeval fait partie de la série Hepburn’'s Choice qui sort des sentiers battus pour offrir un éventail représentatif des différentes régions d'’Ecosse et de distilleries spécifiques. Braeval est un malt du Speyside utilisé dans la composition du blend Chivas Regal et régulièrement embouteillé par des négociants dans des versions sherry crémeuses et onctueuses.");
insert into whiskyproject.translation(id, whiskyid,languageid,descriptions) value(84, 42,"en","This 2001 vintage single cask (660 bottles) from Braeval is part of the Hepburn ''s Choice series, which is off the beaten track to offer a wide range of different regions of Scotland and specific distilleries. Speyside used in the composition of the Chivas Regal Blend and regularly bottled by traders in creamy and unctuous sherry versions. ");
insert into whiskyproject.translation(id, whiskyid,languageid,descriptions) value(85, 43,"fr","Il a fallu tout le savoir-faire de Glengoyne et une maturation en fûts de bourbon (chêne européen et américain) et en fûts de sherry pour obtenir ce millésime rond, complexe et d'une profondeur remarquable. La distillerie située à la limite des Highlands au nord de Glasgow, utilise une variété d'’orge, la Golden Promise qui produit un distillat doux. Elle pratique une distillation lente de 8h qui prolonge le contact avec le cuivre des alambics, contribuant ainsi à donner au single malt Glengoyne son caractère unique.");
insert into whiskyproject.translation(id, whiskyid,languageid,descriptions) value(86, 43,"en","It took all the know-how of Glengoyne and a maturation in bourbon casks (European oak and American oak) and in sherry casks to obtain this round, complex and remarkably deep vintage. Highlands north of Glasgow, uses a variety of barley, the Golden Promise which produces a sweet distillate, and practices a slow distillation of 8 hours which prolongs the contact with the copper of the stills, thus helping to give the single malt Glengoyne its character. unique.");
insert into whiskyproject.translation(id, whiskyid,languageid,descriptions) value(87, 44,"fr","Hudson Manhattan Rye est un whiskey original, c'est le premier rye produit dans l'état de New-York depuis la prohibition. Le rye ou whiskey de seigle, connaît depuis quelques années un regain de popularité auprès des amateurs et des barmen qui l'utilisent dans leurs cocktails.");
insert into whiskyproject.translation(id, whiskyid,languageid,descriptions) value(88, 44,"en","Hudson Manhattan Rye is an original whiskey, it is the first rye produced in the state of New York since prohibition.Rye or rye whiskey, has enjoyed a few years of popularity with fans and bartenders who use it in their cocktails. ");
insert into whiskyproject.translation(id, whiskyid,languageid,descriptions) value(89, 45,"fr","Ce blend de caractère conjugue à merveille les malts de Skye, d'Islay et du Speyside. Pour permettre aux saveurs de « se marier », Isle of Skye est remis dans le tonneau pour une durée d'au moins 6 mois. Il exprime alors à merveille son identité marine et ses notes fumées. Isle of Skye est signé The Gaelic Whiskies, un embouteilleur indépendant de l'île de Skye.");
insert into whiskyproject.translation(id, whiskyid,languageid,descriptions) value(90, 45,"en","This blend of character is a perfect match for Skye, Islay and Speyside malts, and for the flavors to\" get married \", Isle of Skye is put back in the barrel for at least 6 months. then wonderfully its marine identity and its smoky notes.Isle of Skye is signed The Gaelic Whiskeys, an independent bottler of the Isle of Skye. ");
insert into whiskyproject.translation(id, whiskyid,languageid,descriptions) value(91, 46,"fr","Amateurs de tourbe, le Kilchoman Machir Bay, single malt de caractère fera votre bonheur. Cette toute jeune distillerie est la première à avoir été construite sur l'île d'Islay depuis plus d'un siècle. L'orge sur ses terres assure 30% de ses besoins. Le reste est fourni par la malterie de Port Ellen. Son premier distillat a été mis en fût en 2005.’,’Dès septembre 2015, la distillerie commence à sortir des expressions de 7 ans d'âge en édition limitée, découvrez ce qui fait l'âme de la distillerie Kilchoman sur notre blog  Whiskypedia. Vieilli en fûts de bourbon et de Sherry Oloroso, le Machir Bay est un savant équilbre de la vanille et de notes fruitées autour de la fumée de la tourbe.");
insert into whiskyproject.translation(id, whiskyid,languageid,descriptions) value(92, 46,"en","Peat lovers, Kilchoman Machir Bay, a single malt of character will make you happy.This young distillery is the first to be built on the island of Islay for over a century. 30% of its needs, the rest is provided by the Port Ellen malt house, and its first distillate was put on barrel in 2005. ',' As of September 2015, the distillery is starting to come out of the 7-year-old expressions in edition limited, discover what makes the Kilchoman distillery stand out on our Whiskypedia blog.Warmed in bourbon and Oloroso Sherry casks, Machir Bay is a balanced blend of vanilla and fruity notes of peat smoke. ");
insert into whiskyproject.translation(id, whiskyid,languageid,descriptions) value(93, 47,"fr","Poit Dhubh, prononcez potch goo, est un blended malt non filtré, embouteillé à 43°. Son nom désigne un ambic illicite en gaélique et fait référence au temps révolu de la contrebande. Ce blended malt gaélique a passé une étape de finition en fûts de sherry. Il en résulte un whisky robuste et complexe, moelleux et légèrement tourbé.");
insert into whiskyproject.translation(id, whiskyid,languageid,descriptions) value(94, 47,"en","Poit Dhubh, pronounced potch goo, is an unfiltered blended malt, bottled at 43 ° C. Its name refers to an illicit ambic in Gaelic and refers to the time of smuggling.This blended malt Gaelic has passed a stage of finishing in barrels This results in a robust and complex whiskey, soft and slightly peaty. ");
insert into whiskyproject.translation(id, whiskyid,languageid,descriptions) value(95, 48,"fr","Créé par Lang Distillers dans la série Hepburn’'s Choice, ce Speyburn single casks à 46% est généralement utilisé dans la composition de blends. Speyburn est  l'une des plus romantiques distilleries du Speyside qui privilégie la qualité à la quantité. Seulement 10% de la production est commercialisée comme single malt. Cette expression single cask (753 bouteilles) millésime 2004 est élevée dans des fûts de sherry de second remplissage.");
insert into whiskyproject.translation(id, whiskyid,languageid,descriptions) value(96, 48,"en","Created by Lang Distillers in the Hepburn ''s Choice series, this 46% Speyburn single-cask is typically used in blends and is one of Speyside's most romantic distilleries that favors quality over quantity. 10% of the production is marketed as single malt, this expression single cask (753 bottles) vintage 2004 is aged in second filling sherry casks. ");
insert into whiskyproject.translation(id, whiskyid,languageid,descriptions) value(97, 49,"fr","Une des trois expressions de la distillerie familiale Springbank qui continue à produire à Campbeltown à partir d'’orge cultivée localement et avec une technique de fermentation longue, des single malts exceptionnellement fruités. Ce single malt qui a maturé dans des fûts de sherry et de bourbon, est emblématique pour de nombreux connaisseurs par son incroyable richesse en arômes.");
insert into whiskyproject.translation(id, whiskyid,languageid,descriptions) value(98, 49,"en","One of the three expressions of the Springbank family distillery that continues to produce in Campbeltown from locally grown barley and with a long fermentation technique, exceptionally fruity single malts, this single malt that has matured in sherry casks and bourbon, is emblematic for many connoisseurs because of its incredible richness in aromas. ");



insert into whiskyproject.PERSISTABLE_USER
value ('jdo', '$2a$10$IuqxaLw1v.zkSG8zRtN7CeutqG5lqom9XW9tLqYXm.n9QhCIzY1am', 'ROLE_ADMIN', 'Jordan', 'Lutgen', 'etu32766@henallux.be', 'Florenville', '123456789', 1, 1, 1, 1);

insert into whiskyproject.PERSISTABLE_USER
value ('etu32766', '$2a$10$IuqxaLw1v.zkSG8zRtN7CeutqG5lqom9XW9tLqYXm.n9QhCIzY1am', 'ROLE_ADMIN', 'Jordan-bis', 'Lutgen-bis', 'jordan.lutgen@hotmail.com', 'Florenville', '5666565645', 1, 1, 1, 1);


delete from whiskyproject.PERSISTABLE_USER
where username = 'jdo';